id;title;description;creation_date;user_id;board_id
1;Tools convergence emulation;withdrawal markets Michigan;2022-02-17;1;1
2;Facilitator;Concrete Florida Balanced;2022-02-18;2;2
3;leverage;overriding;2022-02-18;2;3
4;Grass-roots;Engineer;2022-02-17;1;4
5;back-end homogeneous;Credit Card Account multi-tasking;2022-02-18;2;5
6;deposit;Manager United Kingdom Rustic Metal Gloves;2022-02-17;1;6
7;Plastic quantify;Security;2022-02-18;1;7
8;Investor transmitter;JSON parsing;2022-02-17;1;8
9;leverage Mall;Car Berkshire Focused;2022-02-18;2;9
10;lime;leading edge Borders;2022-02-18;1;10
